{"_timestamp":1.7723944258691452e+09,"_wandb":{"runtime":25450},"_runtime":25450.270785667,"_step":406,"loss":0.12961147725582123,"recall_32":1,"sparsity":0.8510000109672546,"step_time":60.23491191864014}